[],"RT @AdrianEdmondson: The Bonzo, The Rutle, The 7th Python, The nicest man in show business, Mr Neil Innes, is making a new album - and you‚Ä¶",yarrambat,"Woiwurrung country - Melbourne, Victoria"
"['Python', 'programming']",RT @schestowitz: How to write your favorite R functions in #Python https://t.co/VBtUEhblku #programming,ProgrammingEmX,
"['Git', 'GitHub', 'coding']","RT @joinindorse: Tips &amp; tricks to keep a clean #Git repo! üë®‚Äçüíª

Using #GitHub? Then you can easily validate your #coding skills by submittin‚Ä¶",PhoenixGyaan,India
[],@ThatJoshArnold Monty python reference. Classic.,jdevermore,California 
[],"Over 200 of the Best Machine Learning, NLP, and Python Tutorials‚Ää‚Äî‚Ää2018 Edition

‚òû https://t.co/yjAQGbHTS2‚Ä¶ https://t.co/vbWIExkctM",cave_code,
[],"@KatyMontgomerie @SaucierDoe @HamillHimself @BuzzBlaster That was a good one hey..

You know that little noise
In t‚Ä¶ https://t.co/azID63k4Zv",hypedupthalamus,Australia
[],@UzairYounus Data Science skills into use üëçüëç. Did you use R or python? Or is it some other way to visualize?,its4zahoor,Pakistan
"['Python', 'Programming']","RT @program_acdemy: Python Programming - Complete Beginner Course

‚òû https://t.co/1gGCOeRnEF

#Python #Programming https://t.co/DESlyd51Zx",ProgrammingEmX,
"['Python', 'programming']",RT @schestowitz: How to write your favorite R functions in #Python https://t.co/VBtUEhblku #programming,schestowitz,North Pole
"['Python', 'Programming']","RT @i_am_programer: Python Programming - Complete Beginner Course

‚òû https://t.co/FfkOHpLu0Y

#Python #Programming https://t.co/mBTZUyMvWQ",ProgrammingEmX,
[],"RT @Cindybarriento5: Not gonna lie, I've been really struggling to learn the past few days. Still powering through, but morale is low.
More‚Ä¶",FrancescoCiull4,"Roma, Lazio"
[],Beginner's guide to Reinforcement Learning &amp; its implementation in Python https://t.co/zBQpIBOH9S,RLEDUTech1,
[],"RT @odsc: This article describes TensorLayer, a modular Python wrapper library for TensorFlow allowing data scientists to streamline the de‚Ä¶",ALaiNbAgO,
[],RT @pfhllnts: If you were exposed to this classic hip hop record in your youth and/or are wondering how on earth someone could reference it‚Ä¶,Netways,"Nuremberg, Germany"
"['ethereum', 'smartcontract', 'solidity']",People usually ask why #ethereum #smartcontract are written in #solidity rather than any other simple widely known‚Ä¶ https://t.co/poFDJ4hi69,tmokafih,
['Python'],GetOldTweets3 0.0.2 #Python https://t.co/DsOetDKu4h via @krachik,krachik,shell
[],What are the hottest programming languages now? Read our analysis of the 2018 Stack Overflow Developer Survey &amp; fin‚Ä¶ https://t.co/l1v3Wfat6t,ExploregroupUK,"England, United Kingdom"
"['clearedjobs', 'clearancejobs', 'pmp', 'pmi', 'projectmanager', 'teamlead', 'sw']",PROJECT MANAGER - SOFTWARE ENGINEER - TS/SCI #clearedjobs #clearancejobs #pmp #pmi #projectmanager #teamlead #sw‚Ä¶ https://t.co/BYRuIez4Vb,topdogrecruit,United States
[],"@__Cherrypepsii They purposely put the puppy in that inclosure , on top of that it‚Äôs a python they constrictors so‚Ä¶ https://t.co/xigmZ8psm9",Skyy_bunny,"Texas, USA"
['Python'],"@matrixise walked us through the new features in the #Python 3.7, it has been very interesting to learn about data‚Ä¶ https://t.co/XPS6iduMFz",agaevsky,Ukraine
"['diabetes', 'fattyliver', 'microbiome']",RT @e_petsalaki: Join my group or the @robdfinn group for a year to study #diabetes and its links with #fattyliver or #microbiome respectiv‚Ä¶,gisellewiggin,
[],Parse Strings in Python https://t.co/piXYZavOpL,tomordonez,Miami
[],RT @fchollet: Nice guide to text classification using Keras: https://t.co/iIh0hY6akM,MarkKokoska,
['Python'],RT @CsharpCorner: Getting Help From #Python Interpreter by @_gauravgahlot cc @CsharpCorner https://t.co/y9q63mkKHG https://t.co/7QSRnu3IRw,TheKlingon_,Italy
['Python'],"RT @agaevsky: @matrixise walked us through the new features in the #Python 3.7, it has been very interesting to learn about data classes, b‚Ä¶",Pythondevelopm2,
"['clearedjobs', 'clearancejobs', 'pmp', 'pmi', 'projectmanager', 'teamlead', 'sw', 'java']",RT @topdogrecruit: PROJECT MANAGER - SOFTWARE ENGINEER - TS/SCI #clearedjobs #clearancejobs #pmp #pmi #projectmanager #teamlead #sw #java #‚Ä¶,Pythondevelopm2,
[],RT @ExploregroupUK: What are the hottest programming languages now? Read our analysis of the 2018 Stack Overflow Developer Survey &amp; find ou‚Ä¶,Pythondevelopm2,
"['NLP', 'Python']",RT @Intellexer: This book is a very good intro to #NLP and the #Python Natural Language Toolkit. It provides a good coverage of all NLP key‚Ä¶,Pythondevelopm2,
['AI'],"RT @rkprasant: AI startup https://t.co/SB1B4RodvQ gets $30 million from Andreessen Horowitz to free up workplace drudgery
#AI #MachineLearn‚Ä¶",Pythondevelopm2,
"['AI', 'MachineLearning', 'ML', 'DeepLearning', 'BigData', 'DataScience', 'Tech']","RT @rkprasant: Drilling Down on Depth Sensing and Deep Learning
#AI #MachineLearning #ML #DeepLearning #BigData #DataScience #Tech #Technol‚Ä¶",Pythondevelopm2,
"['AI', 'MachineLearning', 'ML', 'DeepLearning', 'BigData', 'DataScience']","RT @rkprasant: DARPA wants to build ‚Äòcontextual‚Äô AI that understands the world
#AI #MachineLearning #ML #DeepLearning #BigData #DataScience‚Ä¶",Pythondevelopm2,
['100daysofenglish'],"RT @mp922352612: Five Ups of life: Buckle up, Start up, Keep it up, Don't give up, Cheer up.
‚Äï Vikrmn

#100daysofenglish
R1D19  You've been‚Ä¶",Beezel_Bug,Digital Ocean
[],A python from Australia became addicted to meth after living in a drug lab and was sent to rehab for seven months.,Fact,WORLDWIDE
[],"RT @vickibazter: Don't be fooled.  

CNN EVACUATION WAS WHILE THEY WERE ON. AIR...

MONTY..PYTHON STYLE https://t.co/QrotHZHcjL",STSTWO,"Stand Up or Shut Up, USA"
[],"RT @Beef_Studios: How did I ever program before a 4k screen? 
....a whole lot more efficiently without movies to distract me ü§£üëç

#programmi‚Ä¶",Pythondevelopm2,
"['100DaysOfCode', 'Python']","RT @pthomasgarcia: R1D038 of #100DaysOfCode: Read about opening, reading from, writing to, and closing files w/ #Python in CS24. 

Started‚Ä¶",Pythondevelopm2,
"['100DaysOfCode', 'unity']","RT @Beef_Studios: #100DaysOfCode Day 94 - Taking a break from #unity cinemachine; I don't feel like being OCD about rails today ü§£

I enjoye‚Ä¶",Pythondevelopm2,
[],"RT @JohnLeoNo1087: Giant python crashes through bank ceiling in China. 

WasteMonster. 
Brexit.  https://t.co/QVWxNe6p9P",Fleetblue,"Ossett, West Yorkshire"
[],RT @Fact: A python from Australia became addicted to meth after living in a drug lab and was sent to rehab for seven months.,hlubizer,"Johannesburg, South Africa"
[],Get Interacted With The Python Programming Industry Professionals by Attending For The @OpenSourceTec  Free @Python‚Ä¶ https://t.co/Qt9jqtyZXP,OpenSourceTec,"Hyderabad, India"
[],RT @Fact: A python from Australia became addicted to meth after living in a drug lab and was sent to rehab for seven months.,aimanasraf_,47630 / 68000 / 54000
[],A python from Australia became addicted to meth after living in a drug lab and was sent to rehab for seven months.,dotedlife,Pakistan
[],RT @Fact: A python from Australia became addicted to meth after living in a drug lab and was sent to rehab for seven months.,drewapp_stifler,Hous√® √ñf B√¢≈Ç≈Ç√¥√≤√±≈°
[],Introduction to Object Oriented Programming in Python - https://t.co/syhMumvA21,joshtronic,"Austin, TX"
"['python', 'machinelearning']",Introduction to Machine Learning with Python https://t.co/SlnLjsJjvB #python #machinelearning @The_Academy_BOT,The_Academy_BOT,United States
[],RT @Fact: A python from Australia became addicted to meth after living in a drug lab and was sent to rehab for seven months.,Papisumtin,Nigeria
[],RT @OpenSourceTec: Get Interacted With The Python Programming Industry Professionals by Attending For The @OpenSourceTec  Free @Python Demo‚Ä¶,GamerGeekNews,
[],RT @Fact: A python from Australia became addicted to meth after living in a drug lab and was sent to rehab for seven months.,cyizajalal,kigali
[],RT @Fact: A python from Australia became addicted to meth after living in a drug lab and was sent to rehab for seven months.,PanduRahadigama,canned dopamine
[],RT @dotedlife: A python from Australia became addicted to meth after living in a drug lab and was sent to rehab for seven months.,GamerGeekNews,
[],I just published Learn Python Programming in minutes! https://t.co/OdV164aOkD,Josephodek_A,"Nairobi, Kenya"
[],RT @Fact: A python from Australia became addicted to meth after living in a drug lab and was sent to rehab for seven months.,TheOSHOMA,Knowhere
[],RT @realpython: The Hitchhiker's Guide to üêçPython! https://t.co/DSQmdtZvWW,lusnerdelane,Glenview
['python'],"Python Network Programming - Part 1: Build 7 Python Apps

‚òû https://t.co/rBAdZr6OUl

#python https://t.co/mZMViiLxoX",python_online,
[],Mmoas3m,__niiamon,Ghana
['python'],"Python Network Programming - Part 1: Build 7 Python Apps

‚òû https://t.co/ZS2xvbRZ6N

#python https://t.co/27JQHdNoQZ",PythonDevelop,
[],RT @Fact: A python from Australia became addicted to meth after living in a drug lab and was sent to rehab for seven months.,ismail_aliero,"Aleiro, Nigeria"
[],RT @Fact: A python from Australia became addicted to meth after living in a drug lab and was sent to rehab for seven months.,JamesGrutsch,
[],"Cuz,Australia..",DOMINATlON,Behind U
"['python', 'machinelearning']",RT @The_Academy_BOT: Introduction to Machine Learning with Python https://t.co/SlnLjsJjvB #python #machinelearning @The_Academy_BOT,ADASDevPro,United Kingdom
[],RT @Fact: A python from Australia became addicted to meth after living in a drug lab and was sent to rehab for seven months.,xmirvz_,
[],RT @Fact: A python from Australia became addicted to meth after living in a drug lab and was sent to rehab for seven months.,Kingdavdd99,
[],RT @Fact: A python from Australia became addicted to meth after living in a drug lab and was sent to rehab for seven months.,Cyril_vyrus,Russia
[],RT @Fact: A python from Australia became addicted to meth after living in a drug lab and was sent to rehab for seven months.,descriptiion,#LLJ üïäüñ§
"['sql', 'DataScience']",Working with SQLite Databases using Python and Pandas https://t.co/0gRsHGICNi https://t.co/GZdhZvdM8N #sql #DataScience via @dataquestio,AstikPatel,
['Python'],"@StephanSiemen @ECMWF Noted in my calendar: #Python workshop at @ECMWF 30-31 October 2018.
Livestream link‚Ä¶ https://t.co/aSSNaHdg6E",seaice_de,"Hamburg, Bremen"
[],"Python for Data Analysis: Data Wrangling with Pandas, NumPy, and IPython https://t.co/whXtJjFcdX",DD_Jessica_,Australia
[],A python from Australia became addicted to meth after living in a drug lab and was sent to rehab for seven months.,iam_priyal,Mumbai
['python'],"Python Network Programming - Part 1: Build 7 Python Apps

‚òû https://t.co/FXAz4iDfYO

#python https://t.co/2usfen2PL9",fan_python,
[],A python from Australia became addicted to meth after living in a drug lab and was sent to rehab for seven months.,KingTheRoyal_,kingdom
[],RT @Fact: A python from Australia became addicted to meth after living in a drug lab and was sent to rehab for seven months.,mrkane123,"Ikorudu, Lagos "
"['Wine', 'UX', 'UI', 'nodejs', 'clojure', 'perl', 'reactjs', 'angularjs', 'jquery', 'html5', 'css3']","https://t.co/kmy5NcWoPD is For Sale

#Wine #UX #UI #nodejs #clojure #perl #reactjs #angularjs #jquery #html5 #css3‚Ä¶ https://t.co/ciCL9I2N6s",egreen460,"Planet Earth, Milkyway Galaxy "
[],RT @Fact: A python from Australia became addicted to meth after living in a drug lab and was sent to rehab for seven months.,SyedHannan3,"Lahore, Pakistan"
[],RT @waterlego: Very cool educational resource: ''Open Source Resource for Newbies to Learn Algorithms and Implement them in any Programming‚Ä¶,HaoTingW713,"York, England"
"['job', 'python']",üëç  Champagne! Could you be @heartfacetv's Python Engineer? https://t.co/bo3TSUTnmJ #job #python,unicornhuntio,‚ú® The Universe ‚ú®
['python'],RT @StephanSiemen: Great programme for next week's #python frameworks for earth sciences workshop @ECMWF. Presentations can also be attende‚Ä¶,ruth_mottram,Copenhagen
"['Wine', 'UX', 'UI', 'nodejs', 'clojure', 'perl', 'reactjs', 'angularjs', 'jquery', 'html5', 'css3', 'ruby']","RT @egreen460: https://t.co/kmy5NcWoPD is For Sale

#Wine #UX #UI #nodejs #clojure #perl #reactjs #angularjs #jquery #html5 #css3 #ruby #py‚Ä¶",xilinx9959,
[],@TomHall @romance_grl could‚Äôve sworn this was an episode intro to Monty Python‚Äôs Flying Circus for a moment lol,thejollycorpse,Scotland
[],RT @Fact: A python from Australia became addicted to meth after living in a drug lab and was sent to rehab for seven months.,NicoleCallera,"Perth, Western Australia"
[],I added a video to a @YouTube playlist https://t.co/PRANIh6O9Q Python Turtle Tutorial - Circular Pattern,MrBateup,Uzbekistan
"['ArtificialIntelligence', 'AI', 'DataScientist', 'DataScience']","RT @ahmedjr_16: 18 Best #ArtificialIntelligence Courses To Standout in The Future

https://t.co/nL1PCUgc8B

#AI #DataScientist #DataScience‚Ä¶",Inspire_2018,
[],i love Australia cunt,natative,West Syd
[],There was a time when this type of behaviour was only seen in countries with despot leaders or in Monty Python sket‚Ä¶ https://t.co/zlWWXfOql5,dcahughes,"Cork, Ireland."
[],üì∑ tensorflowgeek: Natural Language Processing with Deep Learning in Python ‚òû https://t.co/3m7CU19pJz... https://t.co/DZKKYmQBIN,maxoudu21210,"Saulieu, France"
['python'],"Work done on 200.0 DAI (200.0 USD @ $1.0/DAI)
https://t.co/Yw138zq4pI  #python",GitcoinFeed,the blockchain
[],RT @Fact: A python from Australia became addicted to meth after living in a drug lab and was sent to rehab for seven months.,K8lynQ,"Kennewick, WA"
[],RT @Fact: A python from Australia became addicted to meth after living in a drug lab and was sent to rehab for seven months.,Butterbeerwork,"Mumbai, India"
"['100DaysOfCode', 'Python']",RT @bryanWang1992: Day 2: #100DaysOfCode progress: today I worked on Playing with Datetimes / D2 (practice) https://t.co/kJyVLA3mAF #Python‚Ä¶,Inspire_2018,
['python'],RT @StephanSiemen: Great programme for next week's #python frameworks for earth sciences workshop @ECMWF. Presentations can also be attende‚Ä¶,alexamici,"Rome, Italy"
[],"""@Fact: A python from Australia became addicted to meth after living in a drug lab and was sent to rehab for seven months."" Whaaaaaaat",NicsGee,"Baguio City, Cordillera Admin "
['pyconde'],Python with and without Pants. Fully functional @pantsbuild example and documentation of my #pyconde talk is now av‚Ä¶ https://t.co/u7EaRVAkb1,ErbStephan,"Karlsruhe, Germany"
[],RT @Fact: A python from Australia became addicted to meth after living in a drug lab and was sent to rehab for seven months.,Wefenz,"Queensland, Australia"
['python'],"Python Network Programming - Part 1: Build 7 Python Apps

‚òû https://t.co/p2c8LEe0pi

#python https://t.co/vFfFX8KXRE",python_devv,United States
[],RT @ThePSF: Contribute to our fundraiser &amp; help us reach our goal of $30K. Our non-profit is entirely supported by its sponsor members &amp; th‚Ä¶,filippovdmitry,"Munich, Bavaria"
[],A python from Australia became addicted to meth after living in a drug lab and was sent to rehab for seven months.,ItsPunu, India
[],RT @pumpichank: Attention Python developers on macOS Mojave.  You need to install the /usr/include header files explicitly.  Xcode 10 insta‚Ä¶,bahmantype,The Hague - The Netherlands
[],RT @Fact: A python from Australia became addicted to meth after living in a drug lab and was sent to rehab for seven months.,jeymsrobiiiiiie,
[],"RT @vickibazter: Don't be fooled.  

CNN EVACUATION WAS WHILE THEY WERE ON. AIR...

MONTY..PYTHON STYLE https://t.co/QrotHZHcjL",michaelmeans49,
"['clearedjobs', 'clearancejobs', 'pmp', 'pmi', 'projectmanager', 'teamlead', 'sw', 'java']",RT @topdogrecruit: PROJECT MANAGER - SOFTWARE ENGINEER - TS/SCI #clearedjobs #clearancejobs #pmp #pmi #projectmanager #teamlead #sw #java #‚Ä¶,AaronCuddeback,"Sacramento, CA"
"['Wine', 'UX', 'UI', 'nodejs', 'clojure', 'perl', 'reactjs', 'angularjs', 'jquery', 'html5', 'css3', 'ruby']","RT @egreen460: https://t.co/kmy5NcWoPD is For Sale

#Wine #UX #UI #nodejs #clojure #perl #reactjs #angularjs #jquery #html5 #css3 #ruby #py‚Ä¶",AaronCuddeback,"Sacramento, CA"
[],RT @Fact: A python from Australia became addicted to meth after living in a drug lab and was sent to rehab for seven months.,JY3EP,"Suzaka-shi, Nagano"
['pyconde'],RT @ErbStephan: Python with and without Pants. Fully functional @pantsbuild example and documentation of my #pyconde talk is now available‚Ä¶,PyConDE,Germany
[],RT @Fact: A python from Australia became addicted to meth after living in a drug lab and was sent to rehab for seven months.,mamasahotmess04,USA 
"['DeepLearning', 'Python']","Natural Language Processing with Deep Learning in Python

‚òû https://t.co/lX62yG4LGt

#DeepLearning #Python https://t.co/GagzqLPact",AI_Developers,United States
"['DeepLearning', 'Python']","Natural Language Processing with Deep Learning in Python

‚òû https://t.co/0f90HV5UFY

#DeepLearning #Python https://t.co/cMqqtS90QP",Ai_Fanc,United States
[],RT @Fact: A python from Australia became addicted to meth after living in a drug lab and was sent to rehab for seven months.,blkxashr07,hell and back
[],üòÇüòÇüòÇ crazy world,joshade123,
[],RT @Fact: A python from Australia became addicted to meth after living in a drug lab and was sent to rehab for seven months.,edwaily_Alhassi,ÿßŸÑŸÇÿ±Ÿäÿ© ÿßŸÑÿ∏ÿßŸÑŸÖ ÿ£ŸáŸÑŸáÿß
[],RT @Fact: A python from Australia became addicted to meth after living in a drug lab and was sent to rehab for seven months.,mayank1999s,India
[],A python from Australia became addicted to meth after living in a drug lab and was sent to rehab for seven months.,factpacific,"Sarratt, East"
['Python'],RT @CsharpCorner: Getting Help From #Python Interpreter by @_gauravgahlot cc @CsharpCorner https://t.co/y9q63mkKHG https://t.co/7QSRnu3IRw,tanujsehrawat,"Palwal, India"
[],"@Mabase6 @Big_lundi @chrisiousity That's not my understanding of the historical meaning of the term.
This is also s‚Ä¶ https://t.co/TQNRPh42eC",GreyKnight7777,"Massachusetts, USA"
[],RT @KitPloit: Shellcode-Encrypter-Decrypter - Shellcode Encrypter &amp; Decrypter By Using XOR Cipher To Encrypt And Decrypt Shellcode https://‚Ä¶,mix4it,
[],RT @Fact: A python from Australia became addicted to meth after living in a drug lab and was sent to rehab for seven months.,mohdfahmifauzi,"Hulu Kelang, Wilayah Persekutuan Kuala Lumpur"
[],"RT @WebDesignerVoN: You can't learn Django in a startup in Nigeria.

I doubt it walai üòÇüòÇüòÇüòÇüòÇüòÇü§£

Learn it yourself.

Startups only care about‚Ä¶",Am_Eneh,BooYah!
[],RT @Fact: A python from Australia became addicted to meth after living in a drug lab and was sent to rehab for seven months.,gTNnow,"18.477630,73.908581"
['python'],"Python Network Programming - Part 1: Build 7 Python Apps

‚òû https://t.co/0aCpX29wvu

#python https://t.co/oafBpVSSc9",docprogrammer,Republic of the Philippines
"['DeepLearning', 'Python']","Natural Language Processing with Deep Learning in Python

‚òû https://t.co/UbBsDgYOUv

#DeepLearning #Python https://t.co/xb0e93ueam",AI_GameDesign,United States
[],RT @Fact: A python from Australia became addicted to meth after living in a drug lab and was sent to rehab for seven months.,neye_obiax,
[],This is funny üòÇüòÇüôÜüôÜ,AvelaThunzi,"Lusikisiki, Alice,South Africa"
"['Wine', 'UX', 'UI', 'nodejs', 'clojure', 'perl', 'reactjs', 'angularjs', 'jquery', 'html5', 'css3', 'ruby']","RT @egreen460: https://t.co/kmy5NcWoPD is For Sale

#Wine #UX #UI #nodejs #clojure #perl #reactjs #angularjs #jquery #html5 #css3 #ruby #py‚Ä¶",Blistified,Higher New Earth Consciousness
[],@Luciam91 No. The finally block always executes irrespective of success or failure. Python's else block is the oppo‚Ä¶ https://t.co/099EuVhoWP,robsmallshire,Oslo
[],RT @Fact: A python from Australia became addicted to meth after living in a drug lab and was sent to rehab for seven months.,xmraan,
[],"Oh Australia, you and your poisonous animals with meth... üòÇ",CyrllJ,InternetLand
[],@GarryBall007 @Twitter I told her that I hope a stray python strangles her when she pisses off back to Florida ....‚Ä¶ https://t.co/9IRs0WAaKy,Marleysfan,"Made-Solihull, lives Brighton"
[],"RT @maulikkotakstar: Looking for Full Time, Part-Time or Contract base Dedicated Developer?
- Hire dedicated developers ¬£12 Per Hour.
- Dev‚Ä¶",Darshit01,"Ahmadabad City, India"
[],RT @fchollet: Nice guide to text classification using Keras: https://t.co/iIh0hY6akM,ni_hanu,Bangkok
[],@RoadTripTV I love snakes and want a yellow tiger python.. I‚Äôm weirdüòÇ,DuffSvea,Cardigan close
[],RT @Fact: A python from Australia became addicted to meth after living in a drug lab and was sent to rehab for seven months.,_Jaygo1,"united kingdom , SUB 2 ~"
[],"Bro what you in for? 

üêç: Sssmeth..",GeshomcSteppa,kenya
[],RT @Fact: A python from Australia became addicted to meth after living in a drug lab and was sent to rehab for seven months.,_ukasha_,Nigeria
[],Hilarious üòÇ,kanu_fbi,"Owerri, Nigeria"
[],"Have you heard about Jython? Python that runs on Java? Yes? 

https://t.co/x1NJw2tM3Y",EinPinsel,M√ºnster
['WatchItWednesday'],"RT @duranduran: #WatchItWednesday for birthday week!  Simon sings ""In a Broken Dream"" (originally performed by Python Lee Jackson) on Itali‚Ä¶",elgusty68,
[],"RT @CSquireMagazine: David Archer paints a picture of the League Against Cruel Sports which many others have corroborated. ""A cynic might s‚Ä¶",CSquireMagazine,
[],"I added a video to a @YouTube playlist https://t.co/73X5Xfkn2x Making a $35 Experimental Web-server Using Python, Lubuntu, and a",iancolgrave,Moon
[],"@Official_VicM @Amaka_Ekwo @nlitvin God is great where is @MBuhari &amp;his terrorism tag, @ProfOsinbajo @GarShehu‚Ä¶ https://t.co/YGP4gp8fki",ohakwegifeanyi,
[],"RT @maulikkotakstar: Looking for Full Time, Part-Time or Contract base Dedicated Developer?
- Hire dedicated developers ¬£12 Per Hour.
- Dev‚Ä¶",DaveRaven72,
[],RT @ThePSF: Python 3.7.1 and 3.6.7 Are Now Available. Lots of maintenance releases‚Äî3.7.1 and 3.6.7 are out. IDLE is usable once again on ma‚Ä¶,lusnerdelane,Glenview
[],"I added a video to a @YouTube playlist https://t.co/73X5XfBYr7 Making a $35 Experimental Web-server Using Python, Lubuntu, and a",iancolgrave,Moon
[],RT @Fact: A python from Australia became addicted to meth after living in a drug lab and was sent to rehab for seven months.,sanaa28khan,kenya
"['ArtificialIntelligence', 'NeuralNetworks']","RT @dataHacker_rs: https://t.co/HTJR8QUY75
How the #ArtificialIntelligence looked back in the 80s?
Building shallow #NeuralNetworks in #Pyt‚Ä¶",Talenter_io,Earth
['pyconde'],RT @ErbStephan: Python with and without Pants. Fully functional @pantsbuild example and documentation of my #pyconde talk is now available‚Ä¶,turbodbc,
[],"@retroguygaming I totally get that. I'm working on a game which is supposed to be a 2yr project, it's fairly simple‚Ä¶ https://t.co/DRm4ft9PyZ",mikepronerd,"13 Elm Street, Goblin City, Orkland, EarthX, Centaurus A"
[],RT @Fact: A python from Australia became addicted to meth after living in a drug lab and was sent to rehab for seven months.,mister_swanzy,Tema
"['python', 'html', 'beautifulsoup']","Find html tag using substring with beautifulsoup in python3 [Votes: 2] #python #html #beautifulsoup
https://t.co/euswCNvJQ0",htmlcss_stack,
[],RT @Fact: A python from Australia became addicted to meth after living in a drug lab and was sent to rehab for seven months.,lionofpunjb,Time Square Lahore
[],RT @ChihotoDumisani: This is the scull of a African Rock Python.The fangs are designed to hold tight onto pray and enable the snake to swal‚Ä¶,TOutsourcer,"Harare, Zimbabwe"
[],"And tonight from the ""Only in Australia"" file...",NoSafeSpaceReq,Lost Highway
[],How does her tiny body take that giant python? ü§™,xxxmovieguy,"Scotland, United Kingdom"
"['AXASG', 'DataDrivenCompany', 'SuperUser', 'python', 'DataVizualisation']",#AXASG #DataDrivenCompany #SuperUser kick-off. 10% of non-tech employees will learn #python #DataVizualisation to b‚Ä¶ https://t.co/mQfrSPWE6E,CelineCotonnec,"Central Region, Singapore"
[],"RT @PythonHub: Help wanted: IDLE, bundled with Python 3.7 installed via brew, is broken. https://t.co/9q0YBjBjI3",lusnerdelane,Glenview
[],A python from Australia became addicted to meth after living in a drug lab and was sent to rehab for seven months.,MAHESH1341992,
[],RT @Fact: A python from Australia became addicted to meth after living in a drug lab and was sent to rehab for seven months.,bornsinner20,"Ibadan, Nigeria"
[],RT @Fact: A python from Australia became addicted to meth after living in a drug lab and was sent to rehab for seven months.,vxnessa_x,London 
[],RT @Fact: A python from Australia became addicted to meth after living in a drug lab and was sent to rehab for seven months.,denwet,
[],And now that python has become a life coach and counsels addicts who tweet such gloomy facts.,CAPT_SeaSick,Bombay Harbour
[],RT @Fact: A python from Australia became addicted to meth after living in a drug lab and was sent to rehab for seven months.,the_sawisthelaw,The Void
[],"RT @AdrianEdmondson: The Bonzo, The Rutle, The 7th Python, The nicest man in show business, Mr Neil Innes, is making a new album - and you‚Ä¶",ledsam_emma,"On the river, UK"
[],"RT @vickibazter: Don't be fooled.  

CNN EVACUATION WAS WHILE THEY WERE ON. AIR...

MONTY..PYTHON STYLE https://t.co/QrotHZHcjL",michaelfromolg,United States
['python'],Simple own tree architecture is multiplicating child nodes https://t.co/QaHO2Fhbeu #python,pythonlangbot,
[],RT @get2ashi: A small example of using pythonic python. Thanks Tisha for these small yet important points that we need to keep in mind whil‚Ä¶,Fair_Step,Bangalore
['wpgpoli'],RT @JimCramptonWPG: Brian Bowman is so dull he's like a character in a Monty Python sketch set in an accounting firm. #wpgpoli @ctvwinnipeg,stanspak,
[],RT @Fact: A python from Australia became addicted to meth after living in a drug lab and was sent to rehab for seven months.,AdaneEssien,Accra-Ghana
[],"RT @findworka: Findworka is currently hiring for a Nigerian tech company expanding its operations in Rwanda

Roles and the required numbers‚Ä¶",Ibadan_lomo,
[],"RT @matrixdotorg: Olm 3.0.0 released! Featuring several big changes including: improved Python bindings, new support for CMake, and in Java‚Ä¶",LarreaMikel,
[],We are going ro be hearing alot of this,ll4348,Canada
